delta_t,100 year storm,200 year storm,500 year storm,1000 year storm
0,99.99999999999991,199.99999999999983,499.99999999999955,999.9999999999991
10,75.43657998695721,147.24241609360845,357.2638574663185,699.5524796858662
20,57.5027407605377,109.551956666191,258.019870642641,494.6771916947603
30,44.2884761374031,82.36960840619835,188.33970391987657,353.5793632625365
